"DATE","unemploy_rate_la","avg_price_electr_kwh_La","avg_price_gasolone_la","civilian_labor_force_la_pch","unemployed_num_pch","new_private_housing_structure_issue_la","home_price_index_la","allemployee_nonfarm_la_pch","allemployee_constr_la_pch","allemployee_manu_la_pch","allemployee_finan_la_pch","allemployee_leisure_la_pch","govn_social_insu_pch","compen_employee_wage_pch","real_disp_inc_per_capital_pch","bbk_real_gdp","pers_consum_expen_pch","pers_saving_rate_us","pers_current_tax_chg","govn_social_ben_toperson_pch","federal_fund_eff_rate_us","X30_year_fixed_mortgage_us"
"1990/2/1",5.6,0.108,0.988,0.2,-4.3,4648.972274,0.4,0.1,-1.2,0,-0.1,-0.4,0,1.2,0.1,6.181450855,-0.1,8.6,8.1,-0.2,8.237142857,3.0571
"1990/3/1",5.4,0.108,1.014,0.1,-3.8,3628.442708,0.2,-0.1,-1.1,-0.4,-0.7,-0.1,1,0.7,-0.1,2.919556176,0.7,8.3,5.2,0.7,8.276774194,0.69135
"1990/4/1",5.5,0.108,1.03,-0.4,1,3833.475627,-0.1,-0.2,-3.7,-0.4,-0.2,-0.6,0,0.9,0.5,-0.563437942,0.4,8.8,4.2,0.6,8.255,0.99338
"1990/5/1",5.4,0.107,1.08,0.4,-0.9,3466.321337,-1.1,-0.2,-1.3,-0.4,-0.8,-0.1,0.3,-0.3,-0.2,0.750792426,0.2,8.7,0.6,-0.5,8.176451613,1.03664
"1990/6/1",5.4,0.108,1.103,0,-0.5,3496.68365,-0.3,-0.3,-0.9,-0.7,-0.3,0.3,1.3,0.8,0,1.177107306,0.8,8.6,3.9,1.2,8.288666667,-2.99213
"1990/7/1",6.2,0.108,1.133,0.5,15.2,2795.643172,-0.9,-0.4,-1.2,0.1,0.7,0.5,0.7,0.7,0.2,0.696738116,0.5,8.7,2.4,-0.7,8.152580645,-1.26919
"1990/8/1",6.2,0.108,1.282,-0.4,0.2,2466.206952,-0.6,-0.4,-1.8,-0.9,0.1,-0.3,-0.1,-0.4,-0.8,0.021633426,0.7,8.1,-0.3,-0.3,8.134193548,0.64773
"1990/9/1",6.3,0.108,1.346,-1.4,0.4,2356.650224,-0.9,-0.4,-0.4,-0.8,0.2,0,0.8,0.7,-0.2,-2.826068654,0.6,8.1,3.3,2,8.195,0.74257
"1990/10/1",6.2,0.109,1.416,-0.1,-2.3,2173.004342,-0.6,-0.1,-1.5,-0.4,-0.3,0.1,-0.3,-0.8,-0.9,-4.275016102,0,7.8,-1.8,-1,8.112580645,0.02457
"1990/11/1",6.5,0.11,1.421,-0.5,3.7,2266.649862,-1.2,-0.2,-1.2,-0.5,-0.5,0.2,0.3,0,-0.1,-5.798298287,0,7.9,-0.5,0.4,7.806666667,-1.60648
"1990/12/1",6.5,0.11,1.407,0,0.6,1482.930833,-0.9,-0.2,-1,-0.6,-0.2,-0.4,0.9,0.8,0.5,-2.865178971,-0.3,8.8,0.5,1.5,7.312903226,-3.41023
"1991/1/1",7.3,0.118,1.26,-1,11,1862.257807,-1.3,-0.3,-1.4,-1.6,-1.1,0.2,-0.1,-0.9,-0.4,-1.250091324,-0.5,9.3,-18.7,4,6.906451613,-0.36185
"1991/2/1",7.6,0.118,1.108,0.9,5.2,1928.765897,-1.1,-0.5,-1.7,-0.8,-0.2,-0.6,0.2,-0.2,0,-1.191145607,0.7,8.8,-2.4,0.4,6.2525,-2.8275
"1991/3/1",7.6,0.118,1.012,-0.1,-0.6,2105.556915,-1.3,-0.4,-2.6,-0.8,0,-0.2,0.4,0.1,0.1,0.778506625,1.2,8,0.2,0.9,6.11516129,1.44154
"1991/4/1",7.4,0.118,1.066,-0.3,-3,1812.583453,0.2,0,-0.4,-0.2,-0.8,1.4,0.5,0.3,0.3,5.23206292,-0.2,8.6,2.8,-0.2,5.912333333,-0.07895
"1991/5/1",7.9,0.117,1.17,-0.2,6.5,2619.017532,0.2,-0.4,0,-0.6,-0.2,-0.2,0.5,0.4,-0.1,4.596994516,0.7,8.4,2.3,0.7,5.782903226,-0.21596
"1991/6/1",8.2,0.117,1.173,1,4.8,2003.49921,0.6,-0.3,-1.1,-0.5,-0.3,-0.2,1.1,1.2,0.4,2.696776918,0.2,8.9,4.4,-0.4,5.899666667,1.50971
"1991/7/1",8.6,0.117,1.126,0.9,6.2,1872.6514,0.2,-0.2,-0.1,-0.7,0.6,-0.1,-0.2,-0.6,-0.3,1.638336382,0.6,8.2,-1.8,0,5.820967742,-0.41602
"1991/8/1",8.4,0.117,1.143,-0.4,-2.6,1891.513757,-0.1,-0.3,-0.5,-0.4,-0.2,0,0.5,0.5,0.1,0.791575864,0.1,8.6,0.9,0.9,5.661290323,-3.45692
"1991/9/1",8.4,0.117,1.177,-0.1,0.1,1736.071315,-0.4,-0.2,-1.6,-0.4,-0.6,-0.2,0.8,0.9,0.2,1.64347867,0.4,8.8,5.5,-0.2,5.447,-2.55842
"1991/10/1",8.2,0.118,1.164,0.4,-1.9,1874.04694,-0.5,-0.2,-0.2,-0.3,-1.2,0.1,-0.2,-0.4,0,0.521095246,-0.2,9.3,1.3,-0.2,5.209677419,-1.69303
"1991/11/1",8.3,0.119,1.157,-0.4,0.5,1521.87835,-0.3,-0.2,0.2,-0.4,0,0.3,0.5,0.5,0.1,1.861522074,0.7,9,2.9,0.3,4.811333333,-1.61491
"1991/12/1",8.4,0.119,1.169,-0.3,0.5,1515.743806,-0.4,-0.3,-2.6,-0.9,-0.9,-0.6,1,1.1,0.8,3.181902416,0.4,9.7,3.7,1.3,4.434193548,-2.46212
"1992/1/1",9.4,0.118,1.172,-0.3,11.9,1728.667665,-0.3,-1.3,-2.4,-1,-2.2,-1.6,1,0.1,0.9,5.452660475,1.6,9.4,-19.1,3.1,4.034193548,-0.77081
"1992/2/1",9.5,0.121,1.199,0.2,1.4,1877.391119,-0.4,-0.2,-3.9,-0.2,-1,0,1.2,1.4,0.4,6.179892669,0.4,9.8,6.3,0.1,4.057586207,3.91959
"1992/3/1",9.3,0.12,1.215,-0.4,-2.8,1547.465323,-0.7,-0.1,1.3,-0.4,0.3,-0.4,0.3,0.3,0,5.874787726,0.4,9.7,5.1,0.6,3.983225806,1.96862
"1992/4/1",8.9,0.119,1.242,0.1,-3.8,1709.129084,-0.7,-0.2,-0.5,-0.6,-0.4,0.5,0.2,0.2,0.2,3.861274487,0.4,9.9,7.4,0.4,3.734666667,-0.92334
"1992/5/1",9.5,0.119,1.314,-0.1,6.3,1050.244015,-0.8,-0.3,-0.8,-0.6,0.5,-0.7,0.6,0.7,0.4,2.798789889,0.7,9.9,6.5,0.6,3.823225806,-2.03897
"1992/6/1",10.2,0.12,1.374,0.9,8.5,1604.515126,-1.1,-0.4,-1.5,-0.5,-0.1,-0.4,0.3,0.4,0.3,3.733768798,0.4,10.1,3.1,-0.3,3.762666667,-1.86808
"1992/7/1",10.6,0.12,1.393,0.7,5.1,1721.169598,-0.9,-0.2,-1.4,-0.4,-1.1,2,0.1,0.1,-0.2,4.763781402,0.7,9.6,0.9,0.5,3.253548387,-4.48884
"1992/8/1",10.4,0.12,1.385,-0.2,-2.4,1253.815686,-0.9,-0.2,-0.9,-0.7,-1,-0.2,0.6,0.7,0.2,2.903260924,0.4,9.7,4.6,-0.2,3.303225806,-1.88238
"1992/9/1",10.4,0.12,1.381,-0.9,-1.2,1451.927058,-0.7,-0.2,-0.9,-0.5,0,-0.1,-0.5,-0.7,-0.6,5.036001943,0.8,8.7,2.5,0.1,3.219666667,-0.65831
"1992/10/1",9.9,0.121,1.383,-0.4,-5.2,1483.51345,-1.1,-0.2,-0.6,-1.4,1.1,-0.5,-0.9,-1.3,-0.8,5.534824706,0.7,8,6.4,0.7,3.099032258,2.08899
"1992/11/1",10.1,0.121,1.414,-0.1,2.2,1207.695997,-1,-0.1,-1.1,-0.4,-0.3,0,0.6,0.8,0,3.502659136,0.4,8,5.7,-0.9,3.087666667,2.68299
"1992/12/1",9.9,0.121,1.4,-0.5,-2.4,1472.621121,-1,-0.3,-1.5,-0.7,-0.5,-0.2,-1.2,8.2,3.5,0.775850133,0.8,10.6,28.1,1,2.919677419,-1.19205
"1993/1/1",10.7,0.12,1.394,-0.9,6.6,2410.30156,-0.9,0.2,-2.2,0.5,0.2,-0.5,4.6,-6.2,-2.3,-0.550216477,0.1,8.6,-45.3,4,3.024193548,-2.60175
"1993/2/1",10.6,0.12,1.395,0.7,0,914.1908951,-0.6,-0.3,0.9,-1.2,0,0.1,0.7,1.2,0.4,0.331061816,0.3,8.9,3,-0.6,3.027142857,-3.87864
"1993/3/1",10.2,0.12,1.383,-0.4,-4.5,1394.636302,-1.6,-0.5,-0.5,-1,-0.6,-0.2,-0.4,-0.5,-0.4,1.928684992,-0.1,8.9,2.2,0.4,3.074193548,-2.44061
"1993/4/1",9.8,0.121,1.349,-0.5,-3.8,1122.421861,-0.9,-0.3,-0.4,-0.4,0,0.1,0,1.8,0.4,3.201688317,0.9,8.7,17.9,0.7,2.957666667,-0.30687
"1993/5/1",9.8,0.122,1.336,0,-0.8,1019.072248,-0.9,-0.2,-0.6,-0.5,-0.8,0.1,0.4,0.4,-0.2,2.892740664,0.7,8.3,7.9,-0.4,2.996129032,-0.09368
"1993/6/1",10.1,0.121,1.332,0.2,3.5,1103.340682,-0.6,0,-0.5,-0.5,-0.1,0.6,-0.4,-0.6,-0.3,1.323578142,0.4,7.8,2.5,0,3.038,-0.6363
"1993/7/1",10.4,0.121,1.3,0.9,4.1,1072.484311,-1.2,-0.1,-0.4,-0.4,-1.1,-0.5,0.7,0.8,0.1,0.594472843,0.7,7.6,6.8,0.6,3.055483871,-2.85137
"1993/8/1",9.9,0.121,1.27,-0.6,-4.8,1389.41922,-1.5,0.1,0,-0.3,0.2,0,0.7,0.8,0,2.301173069,0.3,7.7,6.1,-0.2,3.032258065,-1.29753
"1993/9/1",9.8,0.121,1.274,-1.1,-2.1,1096.026673,-0.5,-0.2,-0.3,-0.4,0.1,0.1,-0.3,-0.6,-0.4,5.208171947,0.7,6.9,1.6,0.4,3.086333333,-2.7768
"1993/10/1",9.9,0.12,1.305,-0.5,-0.2,833.8966714,-0.9,-0.3,-0.6,-0.5,0.1,0.3,-0.3,-0.6,-0.6,7.017337907,0.5,6.3,2.7,0.1,2.992580645,-1.17137
"1993/11/1",9.5,0.119,1.281,-0.6,-4,1079.664726,0,-0.3,-0.2,-0.4,0,-0.1,0.3,0.2,0.2,5.419719315,0.5,6.3,2,-0.1,3.018,4.6971
"1993/12/1",9.2,0.119,1.233,0.1,-3.6,1227.426778,-0.8,0.3,0.1,-0.2,0.9,0.6,2.7,7.4,3.3,4.027565318,0.4,9.1,26.9,1.4,2.95516129,0.2376
"1994/1/1",10.4,0.12,1.204,0.1,13.7,1232.306745,-0.2,0.1,2.6,-0.1,0.6,-0.9,0.8,-4.7,-2,2.657733827,0.3,7.1,-18.8,1.3,3.050645161,-1.56163
"1994/2/1",10.1,0.122,1.201,0.4,-3.1,1195.981441,0.3,0.1,2.1,-0.4,0.6,0.4,0.3,0.1,0.1,3.306455097,1,6.5,-2.4,0.5,3.245,1.3102
"1994/3/1",9.8,0.122,1.215,-0.4,-2.9,1427.313273,-0.1,0.1,1.5,-0.2,0.1,0.2,0.7,0.7,0.2,6.674951718,0.3,6.8,0.5,0.6,3.335806452,7.30514
"1994/4/1",9.5,0.122,1.236,-0.3,-3.2,1304.673488,-0.3,0,-0.7,0,-1.3,0,0.5,1.8,-0.1,6.093246993,0.5,6.4,55.1,0.5,3.555,8.35179
"1994/5/1",9.1,0.122,1.251,0.1,-4.7,1286.599867,-0.5,-0.1,-0.9,0,-0.6,0,0.5,0.4,1.1,5.390978873,0,7.6,-46.6,0,4.010967742,3.38504
"1994/6/1",9.4,0.122,1.284,0,3.6,4100.766511,-0.2,0,0.1,-0.2,-0.1,0,0,-0.1,-0.3,2.753116513,0.8,6.9,1.8,-0.1,4.245666667,-2.32626
"1994/7/1",9.9,0.122,1.306,0.9,5.8,1212.010988,0,0.2,2,0.5,0.6,0.2,0.7,0.7,0,0.500567419,0.2,7,7.9,0.4,4.256129032,2.57815
"1994/8/1",9.5,0.122,1.317,-0.2,-4.1,1416.433779,0.2,0,0.8,-0.5,-0.1,0,0.2,0.2,0,2.235957316,0.9,6.5,4,0.1,4.474516129,-1.17831
"1994/9/1",8.9,0.122,1.314,-0.3,-6.4,2153.529018,0.1,0.1,0.9,0,0.2,0.2,0.5,0.7,0.3,4.110154399,0.3,6.8,3.9,0.2,4.733666667,1.4978
"1994/10/1",8.4,0.122,1.346,0.5,-4.7,1656.824956,0.4,0.2,0.5,-0.5,-2,-0.1,1,1.3,0.8,5.597794277,0.8,7.1,4.4,0.2,4.76,3.29861
"1994/11/1",8,0.121,1.351,-0.5,-5.1,1765.004403,-0.2,0.3,1.2,0.5,0,0.1,-0.1,-0.2,-0.1,5.256407327,0.3,7,0.1,-0.3,5.294666667,2.7451
"1994/12/1",7.6,0.122,1.343,-0.6,-6.4,1417.391571,-0.1,0.3,0.5,0.4,0.7,0.1,0.4,0.5,0.4,3.254103961,0.3,7.2,4.9,1.5,5.453225806,0.30534
"1995/1/1",8.5,0.127,1.352,-0.6,11.8,1138.01266,0.1,0.2,-3.3,-0.2,-0.1,0.1,0.8,0.8,0.2,0.31299334,0.2,7.5,12.4,1.5,5.527419355,-0.54903
"1995/2/1",7.9,0.127,1.336,0.7,-6.5,1778.100148,-0.6,0.4,3.6,0.3,0.7,0.3,0.3,0.5,0.1,-0.18720717,0,7.8,4.3,0.7,5.915357143,-3.49822
"1995/3/1",7.8,0.127,1.323,-0.4,-2.4,1184.79916,-0.1,-0.2,0.4,0,-0.2,0.1,0.3,0.4,0.2,0.420971267,0.7,7.5,2,0.5,5.976451613,-4.14047
"1995/4/1",7.9,0.127,1.328,0.2,1.8,1145.823317,-0.5,0,0.9,-0.1,0,-0.1,0.5,0.6,-0.8,0.864388836,0.1,6.9,49.8,0,6.047333333,-1.67809
"1995/5/1",7.7,0.127,1.347,-0.3,-2.4,1608.734222,-0.1,0.2,0.1,-0.2,0.2,0.3,-0.1,-0.2,0.9,2.117200238,0.9,7.1,-49.2,0.5,6.009032258,-4.38702
"1995/6/1",8,0.127,1.349,0.3,4.7,1407.799262,-1,0.2,0.3,0,0.3,0.4,0.5,0.7,0.2,3.216172308,0.9,6.7,7.3,-0.1,6.001333333,-4.89001
"1995/7/1",8.8,0.127,1.315,1.2,11,1395.745535,0,-0.3,-1.8,0.1,-2.1,0,0.5,0.7,0.1,2.706711054,-0.1,7.1,9.8,0,5.851935484,0.54851
"1995/8/1",8.5,0.127,1.282,-0.4,-3.6,1439.578561,-0.3,0.4,0.9,-0.2,0.3,0.6,0.2,0.3,0,4.977544035,0.7,6.7,7.2,0,5.73516129,3.31909
"1995/9/1",8.4,0.127,1.253,0.3,-1.7,1368.813729,-0.1,0.2,0.2,0.6,0.2,0.3,0.4,0.6,0.2,3.86465553,0.3,6.8,6.9,0.7,5.804666667,-2.84987
"1995/10/1",8.1,0.126,1.245,0.3,-3.1,988.9026246,-0.3,-0.1,-0.5,-0.9,-0.2,-0.1,0.4,0.5,0,1.894196175,-0.1,7.1,5.2,-0.4,5.756129032,-2.10843
"1995/11/1",8.2,0.126,1.242,-0.4,0.7,1756.678123,-0.2,0.2,0,0.5,0,0.8,0.2,0.3,0.2,1.825585301,0.8,6.6,5.5,-0.2,5.803,-1.30435
"1995/12/1",7.9,0.126,1.227,-0.2,-4.2,1414.740304,-0.2,0.2,-0.2,0.1,-0.7,0.4,0.1,0.2,0.1,2.333892295,0.8,6.1,5.8,1.4,5.601935484,-2.40596
"1996/1/1",9,0.126,1.237,-0.7,14.2,2031.033546,0.1,0.1,0,1.4,-0.8,0.4,-0.4,0.1,0.1,1.378675358,-0.2,6.7,16.1,1,5.56483871,-2.36111
"1996/2/1",8.6,0.127,1.25,0.6,-4.2,1235.725785,0.1,0.1,-0.8,-0.3,0.2,0.2,1,1.4,0.7,5.036538382,0.9,6.7,11.4,0.8,5.224482759,0.64011
"1996/3/1",8.5,0.127,1.299,0.2,-1,1471.615809,0.2,0.2,-0.2,0.2,0.2,0,0.4,0.6,0.2,6.169676116,0.8,6.6,7,1.2,5.314193548,7.75972
"1996/4/1",8.3,0.127,1.437,-0.6,-3,1659.708564,0.3,0.1,-1.1,-0.1,0.5,0.1,0.3,0.4,-0.7,7.912541282,0.7,5.7,54.6,-0.4,5.223666667,3.94806
"1996/5/1",8.2,0.126,1.599,0.4,-0.1,1160.170167,0.4,0.3,0.6,0.2,0.9,0.3,0.5,0.7,1.2,6.983093506,0.3,6.7,-42.5,0,5.23516129,1.82965
"1996/6/1",8.1,0.092,1.547,-0.2,-1.5,1322.847799,0.4,0.1,-0.6,-0.1,0.2,-0.7,0.9,1.1,0.5,4.454681098,0.1,7.1,9.4,0.2,5.273333333,3.09789
"1996/7/1",8.9,0.126,1.491,1.8,11.1,1461.410976,0.1,0.1,-0.7,-0.1,-0.2,0.2,0,0,-0.4,1.923127015,0.4,6.7,3.9,0.2,5.396451613,-0.90144
"1996/8/1",8,0.126,1.389,-0.4,-9.9,1499.737468,0.1,0.2,0.9,0.3,0.2,-0.1,0.6,0.8,0.1,2.916903253,0.4,6.6,7.9,0.2,5.222903226,-2.94724
"1996/9/1",7.8,0.126,1.328,0.5,-2.5,1470.734994,0,0.3,0.5,0.3,0,0,0.6,0.8,0.1,4.646991268,0.4,6.7,8.1,-0.2,5.299,2.84929
"1996/10/1",7.6,0.126,1.273,0.1,-2.2,2295.044869,0.3,0.2,0.8,0.1,0,1.9,0.1,0.2,-0.1,5.136432602,0.6,6.4,4.4,0.2,5.238064516,-3.82746
"1996/11/1",7.6,0.126,1.213,0.1,-0.4,1240.871217,0.6,0.3,1.3,0.5,0.6,0.1,0.6,0.8,0.2,4.218742166,0.4,6.4,7.4,0.8,5.311,-3.75237
"1996/12/1",7.2,0.126,1.258,-0.4,-6,1366.955064,0.4,0,-1.3,-0.1,-0.3,0.2,0.6,0.8,0.3,1.131046113,0.5,6.4,7.7,0.2,5.294516129,-0.2691
"1997/1/1",8,0.126,1.307,-0.2,11.4,1570.807574,-0.1,0.3,0,0.2,1.2,0.4,0.1,0.4,0.2,0.565866276,0.6,6.2,24.2,2.8,5.254516129,2.98124
"1997/2/1",7.6,0.126,1.325,0.5,-5,1667.618573,-0.1,0.3,1.6,0.3,-0.3,-0.1,0.7,1,0.2,4.453607344,0.4,6.2,7.4,-1.4,5.185714286,-2.22393
"1997/3/1",7.3,0.126,1.388,0.7,-2.7,1406.228511,0.7,0.3,0.4,0.1,1,0.5,0.6,0.8,0.4,6.103198598,0.4,6.4,5.6,1.3,5.386129032,3.23529
"1997/4/1",6.8,0.127,1.446,-0.3,-6.9,2052.429533,0.9,0.3,0.2,0,0.2,0.6,0.2,0.3,0,7.967641197,0.1,6.5,2.2,0,5.507333333,3.10225
"1997/5/1",6.6,0.127,1.427,0.1,-2.6,2113.042577,1,0.1,0.6,0.1,0.1,0.2,0.4,0.5,0.3,6.621922339,0,6.8,5.1,0.3,5.504193548,-2.43783
"1997/6/1",7,0.127,1.392,0,5.5,1591.198038,0.8,0.3,-0.4,0,0.1,0.5,0.4,0.5,0.2,5.512122306,0.6,6.6,7.1,0,5.555666667,-3.19738
"1997/7/1",7.3,0.127,1.353,1.7,6,2105.681055,0.5,0.3,1.6,0.9,0.7,-1.4,0.4,0.5,0.3,5.065132263,1,6.1,8.8,0.1,5.521290323,-2.50325
"1997/8/1",7,0.127,1.444,0.2,-4,1755.251319,0.9,0.1,1.3,0.2,0.3,0.3,0.8,1.1,0.4,4.1297298,0.7,6,10.6,0.5,5.542258065,-0.23341
"1997/9/1",6.8,0.127,1.534,-0.1,-2.6,1904.464157,0.7,0.1,-0.2,0,-0.3,0,0.4,0.5,0.2,3.653732316,0.3,6.2,7.7,-0.2,5.540666667,-0.66845
"1997/10/1",6.3,0.127,1.503,-0.1,-6.8,2471.532838,1,0.3,-1,-0.1,0.3,0.3,0.7,0.8,0.4,3.001024621,0.6,6.2,8.2,0.2,5.496129032,-1.83042
"1997/11/1",6.1,0.127,1.449,0.2,-3.7,1673.796361,0.8,0.1,0.4,-0.2,0.3,0.2,1,1.2,0.5,3.359592483,0.4,6.4,11,-0.2,5.521666667,-1.22018
"1997/12/1",6,0.127,1.394,0.6,-0.3,1979.899986,1.4,0.3,0.7,0,0.2,0.2,0.3,0.5,0.5,3.619981717,0.5,6.4,7.5,1.1,5.50483871,-1.52672
"1998/1/1",6.7,0.127,1.306,-0.5,9.6,1330.540093,1.6,0.7,1.8,1.8,0.5,-0.2,0.2,0.9,0.8,4.320253164,0,7.4,10.2,0.9,5.557419355,-1.42354
"1998/2/1",6.4,0.116,1.189,0.8,-3,1204.714715,1.6,0.1,-0.2,0.1,0.7,0.1,0.6,0.7,0.6,4.358169101,0.6,7.4,9.7,0.4,5.505714286,0.69345
"1998/3/1",6.6,0.116,1.106,0.7,3.8,1652.034231,1.8,0.2,0.5,-0.2,-0.1,0.1,0.5,0.6,0.5,3.536327942,0.5,7.5,8.9,0.7,5.493548387,1.20696
"1998/4/1",6,0.116,1.165,-1,-9.7,2181.290046,0.7,0.1,1.5,-0.7,0.5,0.8,0.5,0.5,0.2,3.484493938,0.7,7.2,8.7,-0.3,5.445333333,0.17538
"1998/5/1",6.1,0.116,1.292,0.1,2,1679.536006,1,0.5,0.9,0.5,0.1,0.5,0.7,0.8,0.3,4.001080824,0.9,6.9,9.5,0.2,5.488709677,0.05602
"1998/6/1",6.6,0.116,1.272,0,7.7,2030.989333,1.2,0.3,1.5,-0.3,0.1,0.4,0.4,0.4,0.5,3.284842437,0.6,6.8,6,0.1,5.558666667,-2.05067
"1998/7/1",7.1,0.116,1.249,1.5,9.4,1645.771892,1.8,0,1,-0.2,0,0,0.5,0.5,0.1,4.280139614,0.3,6.9,5.1,0.4,5.535806452,-0.65023
"1998/8/1",6.9,0.116,1.225,-0.5,-2.9,2070.967162,1.3,0.3,0.4,-0.3,0.2,0.3,0.8,1,0.2,7.302675339,0.6,6.8,9.4,0,5.546774194,-0.42434
"1998/9/1",6.9,0.116,1.219,0.7,-0.4,1882.667088,1.4,0.1,0.1,-0.3,0.3,0.2,0.3,0.4,0.2,6.80309836,0.7,6.4,7,0.5,5.511666667,-2.88913
"1998/10/1",6.7,0.116,1.224,-0.4,-2.8,1684.862812,0.9,0.1,2.4,-0.1,1.5,0.2,0.5,0.6,0,7.167615565,0.6,6.2,7.8,-0.5,5.070967742,-0.18594
"1998/11/1",6.3,0.116,1.222,0.4,-5.7,2001.931512,0.6,0.3,1.2,-0.1,1,0.2,0.7,0.8,0.3,5.535208789,0.3,6.3,10.2,0,4.826,2.30999
"1998/12/1",6,0.116,1.233,-0.8,-6.1,1712.385687,0.6,0.1,0.5,-0.4,-0.4,0.1,0.4,0.4,0.1,4.222049442,0.9,5.8,7.2,0.8,4.683548387,-1.84996
"1999/1/1",6.5,0.116,1.23,-0.6,9,1946.647633,0.2,-0.1,0.8,-0.7,-0.9,0.3,0.8,0.9,0.5,3.404752222,0.1,6.4,-5.5,0.9,4.632580645,0.69754
"1999/2/1",6.3,0.116,1.223,0.4,-3,2279.159741,0.4,0.2,-0.2,0,0.4,0.4,0.7,0.8,0.3,3.425738251,0.4,6.3,8.8,-0.1,4.764642857,0.33161
"1999/3/1",5.9,0.116,1.273,0.1,-5.8,2250.81666,0.5,0,0.7,-0.1,0.2,0.1,0.1,0.1,0,2.790589021,0.6,6,4.2,0.5,4.809354839,3.41535
"1999/4/1",5.8,0.116,1.61,-0.6,-3.5,1512.829096,1.1,0.3,-0.6,0,-0.3,-0.4,0.3,0.3,-0.4,3.073040504,1.1,5,4.8,0.2,4.736333333,-1.76136
"1999/5/1",5.4,0.116,1.53,0.1,-6.7,2033.821331,0.8,0.1,0.6,-0.3,0.5,0.2,0.4,0.5,0.1,3.849211072,0.5,4.8,7,0,4.742258065,3.31116
"1999/6/1",5.9,0.116,1.394,0.3,9.7,2325.654119,0.6,0.1,0,-0.1,0.8,-0.4,0.1,0.1,0.3,4.002051994,0.5,4.7,6,0.2,4.764666667,5.6683
"1999/7/1",6.4,0.116,1.411,1.6,11.3,2273.949288,0.4,0.5,1.5,-0.1,-1.1,0.3,0.5,0.6,0.1,5.446305364,0.4,4.8,9.8,0.1,4.994193548,1.08609
"1999/8/1",6.1,0.116,1.502,-0.5,-5.5,1806.017014,0.4,-0.1,0.1,-0.5,0,-0.3,0.5,0.6,0.3,6.035040753,0.7,4.7,9.7,0.3,5.072258065,4.0684
"1999/9/1",6,0.116,1.443,0.5,-0.5,2206.732465,0.4,0,0.3,0.2,0.1,0.5,0.3,0.5,-0.2,7.063171219,0.9,4.1,8.5,0.1,5.224333333,-1.51086
"1999/10/1",5.8,0.116,1.396,0,-4.8,2053.65194,0.6,0.6,1.2,-0.1,-0.1,0.2,0.7,0.9,0.5,8.811475024,0.4,4.4,11.8,0.5,5.2,0.37712
"1999/11/1",5.6,0.116,1.38,0.3,-3.2,2194.951722,1.2,0.2,0.1,-0.2,0.1,0.5,0.7,1,0.6,5.443113503,0.6,4.6,11.5,-0.7,5.42,-1.45823
"1999/12/1",5.3,0.116,1.429,0.2,-5.2,2574.102806,1.3,0.2,0.4,-0.2,0.1,0.2,1.2,1.5,0.7,1.176271354,1.4,4.2,15,1.1,5.295806452,2.25525
"2000/1/1",5.8,0.116,1.389,-0.2,10.5,2458.738998,0.6,0.1,0,0.2,-0.4,0.1,1.4,2,0.6,-1.40970097,0,5,30.8,1.7,5.448387097,3.76643
"2000/2/1",5.7,0.116,1.468,0.6,-2,2147.813512,1,0.1,0.3,0,0.2,0.5,0.5,0.7,0.3,0.834098459,1.3,4.5,10.5,0.2,5.734827586,1.40073
"2000/3/1",5.5,0.116,1.78,-0.2,-2.8,3209.849388,1,0.1,0.4,-0.1,-0.1,0.2,0.3,0.3,0.2,7.86955645,0.9,4.3,9.4,0.5,5.853548387,-1.02102
"2000/4/1",5.2,0.116,1.78,0.1,-6.5,1763.556022,0.9,0.1,0.7,-0.2,-0.6,-0.1,0,0,0.4,10.90652833,-0.1,4.8,8,0.2,6.019666667,-1.06189
"2000/5/1",5.4,0.117,1.688,-0.4,4.1,2194.656502,0.6,0.2,0.2,-0.2,-0.1,0.2,-0.4,-0.6,0.3,6.843486137,0.5,4.8,1.5,5,6.268064516,4.44649
"2000/6/1",5.5,0.116,1.665,0.7,2.4,4199.42759,0.8,0.1,1.2,0.2,0.4,0.3,0.7,1,0.2,1.944997239,0.6,4.8,8,-2.6,6.528333333,-2.66588
"2000/7/1",6,0.116,1.731,0.2,9,2650.308771,0.5,0.3,-1.9,0.3,-0.1,0.5,1.2,1.4,0.4,-2.747574578,0.3,5.1,9.5,-0.6,6.544516129,-1.69522
"2000/8/1",5.9,0.116,1.659,0.1,-1.8,2267.578319,0.6,0.1,0.9,-0.5,-0.1,0.5,0.2,0.2,0.5,-1.126921994,0.5,5.2,1.1,0.6,6.496774194,-1.47284
"2000/9/1",5.4,0.116,1.803,0.2,-8.3,2117.548648,0.9,0.1,0.9,-0.1,0,0.4,0.5,0.5,0,3.369288983,1.3,4.5,4.5,0.6,6.517,-1.4388
"2000/10/1",5.1,0.116,1.817,0,-5.4,1539.522396,0.8,0,0.2,-0.8,-0.3,-0.3,0.3,0.2,0.2,4.083112778,0.1,4.8,2.7,-0.7,6.509354839,-1.47877
"2000/11/1",4.9,0.116,1.773,0.5,-2.4,2030.42715,1,0.2,0.9,-0.1,-0.2,0,0.1,-0.1,-0.1,2.41221739,0.2,4.7,3.9,-0.8,6.514333333,-0.64144
"2000/12/1",4.6,0.116,1.678,0.3,-5.7,2288.686224,0.6,0.1,0.9,0.2,0.7,0.4,0.1,-0.1,0.1,-1.340901192,0.6,4.4,6.9,2.4,6.402258065,-4.68689
"2001/1/1",5.4,0.124,1.609,-0.1,16.2,5022.447224,1.2,0.8,0.6,-0.4,-1,1.8,1.4,1.4,0.4,-3.471919108,0.5,4.9,24.6,2.3,5.975806452,-4.73449
"2001/2/1",5,0.125,1.666,0.6,-6.4,1143.929844,0.5,-0.2,0.1,-0.6,0.3,0,0.7,0.6,0,-1.945154886,0.2,5,14.2,0.3,5.494285714,0.24884
"2001/3/1",5.1,0.125,1.708,0.4,2.8,2359.617615,0.9,0.1,0.3,-0.6,0,0.1,0.4,0.2,0.2,2.884505327,-0.1,5.3,9.7,0.5,5.310967742,-1.39007
"2001/4/1",5,0.126,1.826,-0.6,-2.7,2162.593002,0,-0.4,0.6,-0.8,0.6,0.5,-0.3,-0.7,-0.4,4.560605079,0.1,5.1,2,0.1,4.802,1.80524
"2001/5/1",4.9,0.129,2.067,-1,-2.3,2210.900728,0.4,-0.3,0.2,-0.8,-0.1,-0.3,-0.1,-0.4,-0.3,3.141999032,0.7,4.5,-4.2,0,4.212258065,0.95373
"2001/6/1",5.6,0.172,2.049,-0.1,13.1,2004.313145,0.1,0.2,0.4,-0.8,-0.1,0.5,0,-0.3,-0.1,-1.50059343,0.2,4.4,-10.3,-0.2,3.969666667,0.20994
"2001/7/1",6.1,0.172,1.896,0.9,10.5,1721.68705,0.1,-0.4,-0.1,-0.9,0,-0.3,-0.1,-0.4,1.4,-3.614631896,0.2,5.6,-115,2.4,3.769032258,-0.45391
"2001/8/1",6.3,0.175,1.65,-0.3,3,2755.797617,0.9,-0.1,0.8,-0.7,0,0.1,-0.1,-0.3,1.5,-1.939985678,0.6,6.6,-142.4,-1.3,3.652580645,-2.49035
"2001/9/1",6.1,0.175,1.67,0.6,-3.5,1451.437991,0.8,-0.2,-0.8,-1,0.1,-0.4,0.1,-0.2,-0.9,0.12852595,-1.6,7,68.9,-0.1,3.069,-1.90647
"2001/10/1",6.4,0.176,1.529,0.4,4.9,1874.820565,0.6,-0.2,-0.3,-1,0.3,0.7,0.1,-0.1,-1.8,1.377956829,2.9,3.1,124,-0.1,2.48516129,-2.93363
"2001/11/1",6.4,0.176,1.347,0.4,1.3,2040.992802,0.6,-0.4,-0.6,-1,-0.1,0.2,0.2,0.1,0,2.250514755,-0.4,3.5,-6,0.4,2.087,0.61201
"2001/12/1",6.4,0.179,1.158,-0.1,-0.3,2246.350822,0.6,0,-0.5,-0.9,-0.2,-0.6,0.2,0,0.1,3.034095285,-0.2,3.8,-0.9,1,1.817741935,6.11295
"2002/1/1",7.1,0.179,1.237,-0.9,10.3,2020.126174,1.1,0,-0.3,-1,0.3,0.5,0.7,-0.2,2,4.028100987,0.2,5.7,-144.8,2.6,1.729677419,-0.95541
"2002/2/1",6.8,0.179,1.383,1.2,-2.9,1888.183737,1.1,-0.2,0.1,-0.2,-0.2,0.1,0.1,-0.1,0.1,3.336829907,0.6,5.5,-9.7,0.6,1.739642857,-1.50054
"2002/3/1",6.9,0.179,1.585,-0.3,0.6,1534.500531,0.8,0.2,0.2,-0.3,0.1,0.3,0.4,0.4,0,2.608880058,0.3,5.6,-8.4,-1.3,1.73,1.76279
"2002/4/1",6.8,0.179,1.693,-0.7,-2.4,2209.632306,0.8,0,-1.3,-0.3,0,0.2,0.4,0.3,0.3,2.331610203,1,5.5,-11,1.2,1.753,-0.41346
"2002/5/1",6.6,0.179,1.657,-0.6,-2.8,2260.314636,1.3,0,-0.3,-0.3,-0.2,0.2,0.3,0.3,0.3,2.136538732,-0.3,6.2,-6.3,0,1.751290323,-2.56263
"2002/6/1",7.1,0.179,1.658,-0.1,7.2,1969.193033,1.7,0.1,-0.5,-0.5,0.1,-0.2,0.5,0.6,0.2,2.282117671,0.5,6.2,-0.4,0.1,1.750333333,-2.2921
"2002/7/1",7.4,0.179,1.673,1.1,5,2351.398946,1.5,-0.2,-0.8,-0.8,0.5,0.4,-0.3,-0.6,-0.3,1.576522254,0.9,5.4,-4.4,0.1,1.729032258,-2.4812
"2002/8/1",7.1,0.179,1.684,-0.5,-3.7,2819.77645,1.7,0.1,1.3,-0.4,0,0.2,0.2,0.2,-0.1,1.372267766,0.3,5.4,0.3,0.4,1.743225806,-3.00694
"2002/9/1",6.7,0.179,1.677,0.5,-6.2,2955.068082,1.4,0.2,0.2,-0.3,0.1,0.4,0.3,0.2,0,0.300264484,-0.3,5.9,-0.9,0.3,1.750666667,-3.1399
"2002/10/1",6.5,0.18,1.619,0.1,-2.4,3280.932649,1.6,0,0.2,-0.4,0.1,-0.2,0,0,0.2,0.050366488,0.6,5.8,-4.1,-0.6,1.75483871,0.32827
"2002/11/1",6.6,0.18,1.666,0,1.5,2585.699048,1.3,0.1,0.4,-0.4,0.3,-0.1,0.1,0,0.2,1.061053093,0.4,5.8,-1.2,0.8,1.336,-0.72802
"2002/12/1",6.5,0.18,1.613,-0.2,-1.1,2327.60068,1.5,-0.1,0.2,-0.6,-0.1,0.1,0,-0.1,0.2,0.459863262,0.8,5.4,-0.8,1.3,1.238387097,-0.33784
"2003/1/1",7.1,0.18,1.693,-0.7,8.3,2664.804087,1,-0.1,0.8,-0.6,1,0.4,0.5,-0.5,-0.2,2.923304231,0.3,5.4,-15.4,0,1.23516129,-2.17445
"2003/2/1",6.9,0.18,1.878,0.9,-2.3,3038.011564,1,0,-1.3,-0.5,0.2,0.2,0.2,0.1,-0.4,2.713105506,0.1,5.3,-0.6,0.3,1.262142857,-1.24239
"2003/3/1",6.7,0.18,2.165,0,-2.5,2086.113026,0.8,-0.1,0.7,-0.7,0.4,-0.1,0.5,0.5,0.2,2.373828224,0.8,5,-1.1,0.6,1.252903226,-1.66881
"2003/4/1",6.6,0.169,2.122,-0.3,-2.1,2662.619553,0.9,-0.1,0,-0.7,0.2,0.4,0.3,0.4,0.5,2.56840379,0.3,5.1,-6.9,0,1.258,1.17493
"2003/5/1",6.7,0.162,1.879,-0.6,0.7,2710.633981,1,0,0.7,-0.5,0.6,0.4,0.8,1,0.7,5.021116781,0.2,5.5,6.1,1.1,1.259032258,-5.65161
"2003/6/1",7.4,0.152,1.766,0.5,11.7,2032.596365,1,0,0.4,-0.5,0,0.4,0.4,0.4,0.2,6.817734848,0.6,5.3,9.7,-0.2,1.222666667,-4.63166
"2003/7/1",7.7,0.152,1.737,0.2,3.5,2809.300511,1.7,0.1,-0.4,-0.6,0.4,0.2,0.3,0.2,1.1,7.391234425,0.7,6.1,-89.9,-0.3,1.011290323,7.69598
"2003/8/1",7.4,0.133,1.917,-0.5,-3.6,1856.225123,1.9,0,0.5,-0.1,0.5,0.3,0.5,0.7,0.6,6.236466568,1.2,5.9,-40.8,0.7,1.029032258,11.21172
"2003/9/1",7.2,0.133,2.083,-0.1,-3.8,2505.29148,2,-0.1,0.2,-0.4,0.3,0.2,0.5,0.6,-1.2,6.223308994,0,5.1,115.4,-0.1,1.01,-1.85983
"2003/10/1",7,0.138,1.889,0.3,-2.3,3088.892262,2,0.2,0.9,-0.3,0.1,0.4,0.7,0.8,0.3,4.53221634,0.2,5.3,4.3,0,1.01,-3.18015
"2003/11/1",6.9,0.138,1.757,0.1,-1.7,2563.197656,2.2,0,0.8,-0.1,0.3,0.3,0.7,0.8,0.5,3.421353231,0.7,5.3,5,0.1,0.996,-0.32762
"2003/12/1",6.4,0.138,1.715,-0.4,-7.2,2095.439673,2.3,0.1,0.8,0,0.3,0,-0.1,-0.3,0,2.179575887,0.4,5.2,-0.9,1.4,0.984193548,-0.95238
"2004/1/1",7,0.136,1.768,0,9.7,2637.760022,2.3,0.3,2.1,0.1,1.2,0.9,1.3,-0.1,-0.1,1.611586434,0.7,4.9,-10.2,0.3,0.997096774,-2.78251
"2004/2/1",6.7,0.133,1.985,0.6,-4.4,3016.108993,2.3,0.1,-0.4,-0.2,-0.1,0.4,0.1,0,0.1,2.471286488,0.4,4.9,-0.7,1.7,1.007241379,-1.35667
"2004/3/1",6.8,0.133,2.199,-0.1,1.8,2877.333097,3,0.1,0.4,0,0,-0.1,0.4,0.4,0.3,2.99281707,0.7,4.7,1.6,0.1,1.001612903,-3.37178
"2004/4/1",6.4,0.133,2.226,-0.2,-6,2823.114687,2.9,0.1,1,-0.2,0.6,-0.6,0.6,0.8,0.3,3.02906358,0.1,5.1,3.6,0.3,1.004,7.07071
"2004/5/1",6.4,0.133,2.337,-0.4,-0.5,2597.394178,2.5,0.2,-0.1,-0.2,-0.1,0.4,1.1,1.4,0.4,3.410667931,0.9,5.1,11.4,0.1,1.004516129,7.54717
"2004/6/1",6.8,0.131,2.355,0.3,6.4,3495.456549,2.6,-0.1,0.4,-0.2,0.2,-0.3,0.3,0.4,0,3.566412553,-0.2,5.6,7.4,0.1,1.025666667,0.27911
"2004/7/1",7,0.129,2.232,1.1,4.5,2761.452103,1.1,0.3,0.6,0.3,0.8,0.7,0.8,1.1,0.2,4.076482206,1,5,16.5,-1.2,1.263548387,-3.68191
"2004/8/1",6.5,0.134,2.119,-0.8,-7.5,2936.110284,0.2,-0.1,0.1,-0.5,-0.1,0,0.6,0.7,0.2,3.754279151,0.4,5,13.3,2.8,1.429354839,-3.11262
"2004/9/1",6.3,0.134,2.127,0.1,-4,3040.655848,0.3,-0.2,0.7,-0.2,0,0.1,0.3,0.3,0,3.44123029,0.8,4.4,10.6,-1.3,1.605,-1.93438
"2004/10/1",6.1,0.133,2.423,0.5,-2.5,2463.121098,-0.1,0.4,0,0,-0.1,0.2,0.3,0.3,0,4.061786568,0.7,4.3,7.7,0.4,1.760967742,-0.54745
"2004/11/1",6,0.136,2.379,0.5,-1.3,3833.845356,1,0.2,-0.1,-0.4,0.1,0.1,-0.1,-0.2,-0.4,4.289450273,0.6,3.8,6.6,0.2,1.932,0.13106
"2004/12/1",5.7,0.137,2.168,-0.4,-4.8,4051.675055,0.3,-0.1,0,-0.3,-0.1,0,0.3,0.4,3.6,5.214439842,0.7,6.6,10.8,1.6,2.156129032,0.38394
"2005/1/1",6,0.139,2.011,-0.9,5.2,2573.755721,1.8,0.1,-0.6,0.1,-0.3,-0.3,1.2,0.2,-3.7,5.281301921,-0.1,3.2,63.8,0.8,2.279354839,-0.73018
"2005/2/1",5.9,0.136,2.168,0.9,-1.4,2209.940948,1.7,0,2.2,-0.5,0.2,0.2,0.2,0.3,0,3.897277219,0.7,2.9,8.5,1.8,2.501785714,-1.44483
"2005/3/1",5.5,0.136,2.387,-0.2,-6.8,2784.471726,2.1,0.1,0.7,-0.3,0.4,0.3,0.1,0.1,0.3,1.402034843,0.5,3.1,5.4,-0.4,2.629032258,5.33985
"2005/4/1",5.2,0.134,2.633,0.5,-5.2,2563.492476,1.3,0.3,1.7,0.3,1.3,0.4,0.5,0.6,0.3,1.368137111,0.9,2.7,9.7,1,2.785,-1.23144
"2005/5/1",5.1,0.146,2.544,-0.5,-2.4,2176.677418,1.1,0.1,0.9,-0.3,0.2,0,0.3,0.3,0.4,1.631724057,-0.1,3.2,7.1,-0.3,3.002580645,-2.30572
"2005/6/1",5.3,0.145,2.422,0,4.4,3271.605869,1.2,0.2,0.5,-0.4,-0.1,0.2,0.4,0.5,0.1,3.415586948,0.9,2.6,9.4,0.4,3.035666667,-2.41259
"2005/7/1",5.6,0.143,2.589,0.8,6.7,2317.253749,1.1,0.2,1.2,0.3,-0.3,0.1,0.8,1.1,0,3.764653422,1.1,2.1,11.3,-0.1,3.262580645,2.02436
"2005/8/1",5.2,0.145,2.765,-0.2,-8,4329.018877,1.5,0.2,0.6,-0.1,-0.5,0.1,0.3,0.3,0.1,3.923469624,0,2.6,8.5,0.4,3.499677419,2.19491
"2005/9/1",5.1,0.144,2.993,0.1,-2.1,2941.556179,1.5,0.2,0.4,0,0.5,0.3,0.4,0.5,-0.5,0.571940401,0.6,2.7,10.8,-0.2,3.623,-0.79038
"2005/10/1",4.9,0.148,2.941,0.3,-3.8,1763.943137,1.6,0.1,0.8,-0.2,0.8,0,0.5,0.6,0.4,0.918522124,0.4,2.9,11.7,0.3,3.779354839,5.03983
"2005/11/1",5.1,0.148,2.619,0.3,4.3,2794.225828,1.2,0.3,0.8,-0.1,0.3,0.4,0.2,0.3,0.5,3.344168957,0.1,3.2,8.6,-0.2,3.999,4.36933
"2005/12/1",4.8,0.148,2.326,-0.3,-5.5,2775.771956,1,0.2,0.1,-0.1,0.4,0.3,0.3,0.4,0.3,5.866497841,0.4,3.1,8.5,1.6,4.157096774,-0.91627
"2006/1/1",5.1,0.164,2.454,-0.8,5.9,3447.255871,0.7,0.2,1.6,-0.1,0.6,0.4,1.7,1.9,1,6.840243648,1,3.7,41.6,3,4.28516129,-2.02487
"2006/2/1",5.1,0.194,2.585,0.8,-0.5,3263.413265,0.3,0.2,0.5,0.1,0.1,0.3,0.8,1,0.4,4.985239725,0.3,3.9,15.5,-0.6,4.491428571,1.74939
"2006/3/1",4.7,0.195,2.664,0,-7.4,2589.1747,0.2,0.1,0.1,-0.1,0.5,0.2,0.3,0.4,0.3,2.669610319,0.4,4.1,12.7,1,4.589354839,1.14354
"2006/4/1",4.5,0.194,2.998,-0.3,-3.3,3304.794549,0.5,0,-0.2,-0.1,-0.2,0.1,0.3,0.4,-0.1,-0.103806069,0.6,3.8,14.8,0.2,4.790333333,2.90164
"2006/5/1",4.5,0.197,3.405,-0.5,-1.3,2210.164235,0,0.2,0.4,-0.3,0.6,0.4,-0.5,-0.6,-0.1,-0.339961519,0.4,3.6,1.3,0.2,4.940322581,1.38302
"2006/6/1",4.8,0.191,3.295,0,5.8,2873.807109,-0.6,0.2,0.3,-0.2,0.2,0.2,0.2,0.3,0.1,-0.511666478,0.3,3.7,4.5,0.6,4.991,1.28079
"2006/7/1",5.4,0.19,3.3,0.6,13.1,2488.396162,-0.7,0,-0.2,-0.2,-0.1,-0.3,0.4,0.4,-0.1,-0.205440587,0.9,3.1,-0.5,-0.2,5.23516129,1.20473
"2006/8/1",5.1,0.19,3.24,-0.7,-4.8,2704.576258,-0.5,0.1,0.4,-0.2,0.4,0.6,0.1,0.1,-0.1,2.007006604,0,3.3,1.8,0,5.246451613,-3.5268
"2006/9/1",4.8,0.187,2.943,0.3,-6.4,2653.279806,-0.1,0,0.4,-0.1,0.2,0.2,0.3,0.6,0.5,3.379845861,0.4,3.2,9.7,0.7,5.254666667,-1.86235
"2006/10/1",4.4,0.2,2.576,0.3,-8.2,2613.403258,0.1,0.1,-0.8,-0.3,-0.2,0.4,0.6,0.7,0.4,4.111007742,0.2,3.2,12.2,-0.6,5.24516129,-0.70285
"2006/11/1",4.5,0.199,2.474,0.4,2.2,2295.761799,0.1,0,0.1,-0.2,0.2,0.1,0.5,0.8,0.3,3.477173523,0.1,3.6,17.2,0,5.245666667,-1.84821
"2006/12/1",4.4,0.197,2.559,0,-2.1,3155.382043,-0.8,0.1,-0.1,-0.2,0.2,0.3,1,1.3,0.4,2.186104529,0.9,3.5,24.3,1.6,5.238064516,-1.68269
"2007/1/1",5.1,0.197,2.578,-0.5,15.8,2346.111518,0.3,0.1,-0.3,-0.2,-0.4,0.1,0.8,1,-0.1,-0.53658966,0.5,3.2,27.4,1.9,5.248387097,1.34474
"2007/2/1",4.9,0.198,2.655,0.6,-3.5,1566.824292,0.5,0.1,0.3,-0.1,0.3,0.1,0.6,0.8,0.2,0.911458403,0.3,3.6,21.6,0.4,5.258928571,1.08565
"2007/3/1",4.7,0.188,3.102,0,-3.5,3001.725966,0.1,0.1,0.7,-0.2,-0.3,0.2,0.2,0.4,0.2,2.51180611,0.5,3.9,16.1,0.8,5.256774194,-2.05251
"2007/4/1",4.6,0.192,3.333,0.1,-1.7,2179.20764,-0.2,-0.4,-1,-0.3,-0.6,0.2,-0.1,-0.2,0.1,2.86946148,0.3,3.8,7.1,-0.3,5.249666667,0.38986
"2007/5/1",4.6,0.19,3.471,-0.3,-1.9,2818.339985,-0.3,0.1,-0.3,-0.2,-0.1,0.1,-0.2,-0.2,0,3.050354015,0.4,3.6,4.4,1.3,5.253548387,1.32686
"2007/6/1",5,0.178,3.253,0.7,11.2,1327.23534,-0.3,0.1,0.4,-0.1,-0.1,0.2,0.2,0.2,-0.1,2.261042847,0.2,3.5,4.2,-0.2,5.254,6.31587
"2007/7/1",5.7,0.176,3.117,1.1,13.8,1656.949005,-0.5,0.2,0,-0.3,0.1,0.1,0.2,0.1,0,1.606860338,0.5,3.4,-0.8,-0.5,5.258387097,0.56327
"2007/8/1",5.5,0.176,2.884,-0.4,-4,3595.710648,-0.9,-0.2,-1,-0.2,-0.1,0.2,-0.1,-0.2,0,2.835952951,0.5,3.1,-3.7,0.6,5.022258065,-1.83719
"2007/9/1",5.4,0.177,2.916,0.2,-0.6,1894.297486,-0.9,0,-0.7,-0.4,0.1,0.1,0.6,0.7,0.1,3.547073232,0.5,3.1,5.7,1,4.938,-2.88344
"2007/10/1",5.3,0.177,3.085,0,-1.9,2461.370564,-1,-0.2,-0.6,-0.2,0.1,0.4,0.2,0.1,-0.1,3.374091321,0.4,3,-2.4,-1.2,4.755483871,-0.11751
"2007/11/1",5.3,0.188,3.363,0.8,1.5,1609.675299,-2.4,0,-1.2,-0.2,-0.6,0.2,0.7,0.7,-0.2,1.775943181,0.7,2.8,9,0.2,4.486666667,-2.61961
"2007/12/1",5.6,0.188,3.299,-0.3,4.5,1440.84782,-1.8,0.1,-0.6,-0.2,-0.3,0.1,0.7,0.7,0.3,-1.733059121,0.2,3.2,11,2,4.244516129,-1.82023
"2008/1/1",6.2,0.185,3.253,-1,9.7,1453.653791,-2.6,-0.4,-1,-0.1,0.1,0.3,0.2,0,-0.1,-3.375371162,0.2,3.2,3.3,0.8,3.940322581,-5.52912
"2008/2/1",6,0.185,3.202,0.7,-2.3,2104.510409,-3.3,0,-0.5,-0.2,0,0.3,0.3,0.2,-0.1,-2.212538982,-0.1,3.6,11.6,0.1,2.980689655,2.77006
"2008/3/1",6.2,0.186,3.593,-0.1,3.5,555.8730943,-2.3,-0.1,-0.6,-0.4,-0.4,0.2,0.5,0.4,-0.1,1.553071587,0.5,3.4,15.4,1.5,2.610322581,0.8872
"2008/4/1",6,0.186,3.826,0.1,-3,1440.396076,-1.8,0,-1.3,0,0,0,-0.3,-0.6,-0.5,4.180080696,0.3,2.9,7.9,-0.6,2.278333333,-0.8794
"2008/5/1",6.7,0.185,3.959,-0.3,10.8,1920.036915,-1.7,-0.1,-1.4,-0.3,-0.4,-0.1,0.1,0,4.8,3.098948766,0.6,7.3,-0.4,0.9,1.978387097,2.00253
"2008/6/1",7.3,0.172,4.522,0.3,9.1,1094.922407,-1.1,-0.2,-1.6,-0.4,-0.4,0.1,0.2,-0.1,-2.6,0.919688856,0.5,5.1,-13.4,-0.1,2.001,4.7051
"2008/7/1",8.2,0.173,4.51,1.1,13.2,1256.780664,-1.3,0,-1,-0.1,0.1,0,0.1,-0.2,-1.6,-1.564231022,0,4,-28.3,0.7,2.009677419,1.67722
"2008/8/1",8.4,0.172,4.068,-0.4,2.4,829.5067644,-1.3,-0.4,-0.7,-0.5,-0.3,-0.3,0.4,0.3,-0.7,-5.077423277,-0.1,3.5,-18.6,0,1.996451613,0.80143
"2008/9/1",8.3,0.172,3.764,0.3,-1,1203.888451,-1.6,-0.3,-1.1,-0.4,-0.5,-0.4,0.2,0.1,0.1,-9.106525111,-0.6,4.3,-15.6,0.2,1.811666667,-6.79274
"2008/10/1",8.5,0.182,3.401,0.4,3.3,1110.821123,-1.6,-0.7,-1.4,-0.9,-0.3,-0.5,0.4,0.3,0.7,-9.283266738,-0.8,5.2,-8.1,0,0.969354839,2.69151
"2008/11/1",8.8,0.183,2.47,0.1,3.4,1617.570079,-1.4,-0.6,-1.9,-1.1,-0.4,-0.4,-0.4,-0.8,0.8,-10.29125566,-1.5,6.3,-23.2,0.3,0.387666667,-1.81452
"2008/12/1",9.5,0.18,1.846,-0.4,7,541.6728642,-1.3,-0.6,-1.4,-1,-0.4,-0.4,-1.3,-1.9,-0.6,-7.749618052,-0.8,6.2,-37.3,1.2,0.15516129,-13.16632
"2009/1/1",10.7,0.179,2.006,-0.5,12.7,856.7673208,-1.5,-0.9,-2.3,-1.6,-2.2,-0.6,-1.5,-2.7,0.5,-4.050859298,0.5,6.2,-178.2,4.8,0.154193548,-4.51192
"2009/2/1",11,0.179,2.236,0.7,3.1,708.6476523,-0.8,-0.7,-3.9,-1.4,-1.1,-0.7,-0.9,-1.5,-1.1,-1.262603234,-0.2,5.6,-32.1,0.6,0.222142857,1.63447
"2009/3/1",11.2,0.179,2.205,-0.3,1.3,484.375663,-0.8,-0.6,-1.1,-1.4,-0.2,-0.5,-0.3,-0.7,-0.1,-1.736690461,-0.5,5.9,-31,0.6,0.180645161,-2.48538
"2009/4/1",10.8,0.18,2.346,0.3,-2.5,415.2554989,-1,-1,-3,-1.4,-0.7,-0.9,0.9,0.9,0.5,-0.508783509,0,6.6,-39.5,1,0.150333333,-3.84808
"2009/5/1",11.3,0.193,2.516,-0.5,4.1,462.3921966,-0.6,-0.2,-1.4,-0.8,-0.7,0.4,0.5,0.6,1.4,-0.062807351,0.2,7.9,-0.3,-0.7,0.177419355,0.98753
"2009/6/1",11.9,0.185,2.961,0.4,5.4,663.1123826,0.7,-0.5,-1.8,-1,-0.1,-0.6,0,-0.1,-1.9,0.290937451,0.6,6.2,-0.6,1.6,0.206333333,11.58003
"2009/7/1",12.6,0.184,2.909,0.2,5.9,891.2948907,1,-0.8,-3.2,-1.3,-0.8,-0.3,-0.4,-0.5,-0.5,1.155262341,0.3,5.5,2.9,-0.4,0.155806452,-3.65314
"2009/8/1",12.5,0.183,3.047,-0.8,-1.5,623.4927906,1,-0.4,-1,-0.9,-0.6,-0.2,0,0,-0.3,2.073869342,1.2,4.5,2.5,-0.5,0.160322581,-0.56492
"2009/9/1",12.4,0.182,3.116,-0.4,-1,535.3075045,0.6,-0.4,-1.1,-0.5,-0.6,0.1,-0.1,0,0.2,4.855596638,-0.8,5.6,0.4,2.2,0.146666667,-2.5999
"2009/10/1",12.4,0.199,3.05,-0.2,-0.6,549.3678165,0.6,0.1,-0.8,-0.4,0.4,0.2,0.2,0.4,-0.4,5.320553657,0.5,5.2,0.4,-0.5,0.118064516,-2.08601
"2009/11/1",12,0.197,2.993,0.3,-3,524.0004684,0.6,-0.1,-0.6,-0.2,-0.2,-0.5,0.4,0.6,0.2,4.34547895,0.1,5.6,4.9,-0.2,0.119,-1.55493
"2009/12/1",12.1,0.198,2.948,-0.7,0.7,574.8812228,0.7,-0.1,-1.5,-0.1,-0.1,-0.1,-0.1,0,0.4,1.826754215,0.7,5.6,2,1.6,0.118064516,1.12821
"2010/1/1",13,0.187,3.057,0.1,7.5,635.3852883,1.2,0.1,-0.5,0.1,-0.9,-0.3,1,-0.9,0.1,1.284177917,0,5.9,50.4,-0.9,0.11,2.0284
"2010/2/1",12.7,0.188,2.979,0.8,-1.7,731.0728125,0.2,-0.1,-1.4,-0.2,-0.2,0,-0.6,-0.7,0,1.284717688,0.4,5.6,-5.5,0.4,0.126428571,-0.79523
"2010/3/1",12.6,0.204,3.084,-0.1,-1,714.8869564,-0.6,-0.1,0.2,-0.1,0.2,-0.1,0.2,0.6,0.3,3.535124603,0.6,5.6,4.1,0.5,0.164516129,-0.4509
"2010/4/1",12.1,0.201,3.107,0.8,-3,934.0636885,-0.3,0.4,0.6,0,0.4,0.7,0.8,1.4,0.8,4.390880749,0.3,6.2,8.4,1.1,0.198333333,2.62708
"2010/5/1",12.1,0.203,3.116,-0.8,-0.9,443.2915232,-0.5,0.3,-0.5,0.1,0.2,0.1,0.7,1.1,0.7,4.899422184,0.3,6.7,14.2,0.1,0.200645161,-4.12907
"2010/6/1",12.4,0.19,3.085,0,2.4,903.9614393,-0.6,-0.1,-0.6,0.1,-0.1,0.4,-0.2,0,0,3.327422862,0.2,6.5,8.1,-0.1,0.176666667,-3.06905
"2010/7/1",13.2,0.192,3.126,0.7,6.9,994.8717587,-0.3,-0.2,-0.8,0,0.1,0.1,0.2,0.6,0.1,2.74096633,0.4,6.4,19.4,0.6,0.182580645,-3.66227
"2010/8/1",13,0.19,3.12,0.1,-1.5,2045.842828,-0.5,0,-0.1,0,-0.1,0.2,0.1,0.4,0.2,2.459009406,0.4,6.5,15,-0.4,0.189354839,-2.9908
"2010/9/1",12.6,0.191,2.988,0.3,-2.9,703.8595832,0.2,-0.2,-0.6,-0.2,0,0.2,-0.2,0.1,-0.1,3.041539446,0.2,6.5,10.6,0.9,0.194666667,-1.84077
"2010/10/1",12.4,0.205,3.102,-0.7,-1.7,552.2285497,-0.1,0.4,0.6,0,-0.4,0.1,0.2,0.5,-0.1,2.862127509,0.6,6.3,11.4,0,0.191290323,-2.78417
"2010/11/1",12.6,0.202,3.144,0.4,2.2,1028.539236,0.7,0,0.3,-0.1,0,0,-0.1,0,0,1.314624505,0.5,6.1,7.6,-0.1,0.194333333,1.77515
"2010/12/1",12.3,0.203,3.256,-0.3,-3,1129.2851,-0.8,0.1,-0.1,-0.1,0,0.5,0.4,0.7,0.5,-1.103704486,0.4,6.5,12.8,1.4,0.183225806,9.62791
"2011/1/1",12.7,0.206,3.356,-0.1,3.3,970.6854004,0.1,0.2,-0.1,-0.2,0.2,0.4,-8.3,1,0.4,-3.083866487,0.4,6.9,118.2,-0.3,0.168387097,0.86975
"2011/2/1",12.3,0.206,3.491,0.2,-3,256.1489626,-0.3,0.1,0.1,0,0,0.3,0.4,0.6,0.2,-1.137501365,0.3,7.2,9,-0.2,0.156785714,4.15352
"2011/3/1",12.1,0.207,3.963,-0.4,-2.2,1535.833189,-0.1,-0.1,0.3,0.1,0.2,0,0,0.1,-0.3,3.732294321,0.8,6.6,6.5,0.5,0.138709677,-2.35235
"2011/4/1",11.7,0.206,4.2,0.4,-2.7,1306.158388,-0.5,-0.2,0.8,0,-0.7,0,0,0,-0.2,4.392244983,0.3,6.6,4.7,1.1,0.098,0.08271
"2011/5/1",11.9,0.206,4.213,-0.5,0.8,1631.568504,-0.6,0,0.4,0,0,0,0.1,0.1,-0.2,2.742411312,0.2,6.5,5.4,-0.2,0.093870968,-4.18388
"2011/6/1",12.5,0.184,3.953,0,5.5,1169.700488,-0.1,0.1,0,-0.1,-0.1,0,0.4,0.5,0.3,-0.667533091,0.2,6.7,11.1,0,0.092,-2.74933
"2011/7/1",13.1,0.185,3.824,0.2,4.5,409.907115,-0.4,0.4,1,0.3,-0.1,0.7,0.9,1.2,0.3,-2.066756937,0.3,6.9,14.5,0.4,0.070967742,0.77605
"2011/8/1",12.8,0.186,3.785,0.1,-2,1445.160396,-0.5,-0.1,0.5,-0.1,0.1,0.4,-0.2,-0.2,-0.1,0.004568059,0.2,6.9,2.1,0.1,0.095806452,-6.05061
"2011/9/1",12.4,0.186,3.946,0.6,-2.1,1220.570248,-0.9,0.1,0.2,0,0.1,0.8,-0.2,-0.2,-0.2,3.400373529,0.3,6.5,1.2,0.3,0.084,-3.84075
"2011/10/1",12,0.199,3.869,-0.4,-3.5,821.9864148,-0.8,0,-0.9,-0.1,-0.3,-0.5,-0.5,-0.6,0,6.130247446,0.2,6.5,-4.9,0.1,0.070645161,-0.93765
"2011/11/1",11.6,0.204,3.814,-0.3,-4.4,1256.456717,-0.4,0.1,0.2,0,0,0.8,-0.3,-0.4,-0.1,5.367486508,0,6.6,-2.7,0.1,0.081,-1.84388
"2011/12/1",11.5,0.204,3.61,-0.4,-0.6,1554.961272,-0.1,0.2,0.2,0,0.3,0,0.9,1.3,0.9,4.2205164,0.1,7.5,14.1,1.4,0.071612903,-0.86412
"2012/1/1",11.8,0.204,3.747,-0.8,2,642.0857222,-0.3,0.4,1,0.4,-0.4,0.8,1.3,1.8,0.6,2.873838032,0.7,7.8,-23.4,2.8,0.081935484,-1.08641
"2012/2/1",11.6,0.204,4.013,0.6,-1.2,1283.15924,-0.4,0.2,-0.4,0,0.1,0.3,0.8,1.2,0.5,2.455399217,0.8,7.8,13.9,0.4,0.103793103,-0.63857
"2012/3/1",11.3,0.204,4.394,-0.5,-3.6,1653.305742,-0.6,0.3,0.2,0.3,0.1,0.5,0.4,0.5,0.3,1.992192153,0.1,8.2,9.1,0.8,0.126774194,1.64524
"2012/4/1",10.6,0.204,4.257,-0.2,-5.8,791.3566807,1.2,0.5,-0.2,0.4,0.7,0.8,0.2,0.3,0.4,1.963875727,0.2,8.5,6.3,-0.2,0.139333333,-1.1128
"2012/5/1",10.8,0.204,4.333,0.2,1.9,1881.964372,1.1,0.3,0.5,0,0.2,0.7,-0.4,-0.5,0,1.513342872,-0.1,8.6,-0.1,0,0.155806452,-2.86445
"2012/6/1",11.3,0.193,4.037,-0.1,4.2,1457.971573,1.2,0.3,1,0.1,0.6,0.4,0.1,0.2,-0.1,1.002692281,-0.2,8.6,7.4,1,0.161666667,-3.23855
"2012/7/1",11.9,0.193,3.8,0.5,5.6,1300.957079,0.4,0.1,0.7,0,0.6,0.1,-0.2,-0.2,-0.8,0.842960606,0.2,7.8,3.2,-0.3,0.156451613,-3.40136
"2012/8/1",11.4,0.193,4.073,-0.5,-4.7,934.4833846,0.8,0.1,0.1,-0.1,0.3,0.5,0.2,0.4,-0.3,0.288433664,0.4,7.6,10.6,-0.3,0.132258065,1.46479
"2012/9/1",10.5,0.193,4.175,0.6,-6.9,1812.067306,1.2,0.2,0.7,0,0.4,0.4,1,1.4,0.6,-0.317595489,0.4,8.1,21.4,1.9,0.144333333,-2.90117
"2012/10/1",10.5,0.211,4.499,0.2,-0.4,1835.567751,1,0.1,0.2,0,0.6,0.1,0.4,0.6,0.6,-0.540032173,0.3,8.7,13.8,-1.4,0.158387097,-3.28806
"2012/11/1",10,0.211,3.924,0.2,-4,1491.453406,1.4,0.3,0.8,0,0.2,0.7,1.1,1.5,1.2,1.170543083,0.4,9.5,24.7,0.6,0.160666667,-0.9017
"2012/12/1",10.2,0.211,3.677,-0.1,1.6,1439.021557,1.3,0.2,0.8,-0.1,0.3,0.4,1.2,1.6,2.4,3.559204108,0,11.6,41.9,1.8,0.164516129,-0.20883
"2013/1/1",10.9,0.232,3.749,0,6.7,2373.653101,1.3,-0.2,0.9,0,0.7,0.3,11.1,-2.3,-5.8,4.637584444,0.6,5.9,33.3,0.4,0.142580645,2.06278
"2013/2/1",10.3,0.232,4.236,0.3,-5.3,1683.275148,1,0.3,0.7,0.2,0.2,0.6,0.1,-0.2,-0.3,4.14481952,0.3,5.6,7.9,0.6,0.145,3.471
"2013/3/1",9.8,0.232,4.226,-0.6,-4.7,1151.812119,2.2,0.1,0.2,-0.1,0.9,0.4,0.2,0,0.3,0.625323035,-0.1,5.9,9.6,0.8,0.143548387,0.92003
"2013/4/1",9.4,0.216,4.043,0.4,-4,2261.548828,2.9,0.3,0.5,-0.1,-0.6,0.4,0.5,0.6,0.2,-0.981855767,-0.1,6.2,15.7,-1.2,0.145,-3.36606
"2013/5/1",9.6,0.216,4.06,0.4,2,1505.125749,1.1,0.2,0.4,-0.1,0.1,0.6,0.5,0.6,0.4,0.311237515,0.3,6.4,10.5,1.5,0.109032258,2.64151
"2013/6/1",10.2,0.203,4.073,0.3,7.2,1890.223338,1.4,0.2,1,0,0.2,0.7,0.3,0.3,0,1.938279075,0.2,6.5,2.4,0.5,0.093666667,15.10181
"2013/7/1",10.5,0.203,4.115,0.2,3.3,2630.87372,1.5,0.2,0.1,0,-0.3,0.4,-0.3,-0.5,-0.2,3.322889795,0.3,6.3,-14.1,-0.3,0.092580645,7.37101
"2013/8/1",10.1,0.203,3.955,-0.3,-4.6,1773.52198,2.2,0.3,0.6,0.1,0.6,0.1,0.2,0.3,0.2,4.747737952,0.3,6.4,0.4,0.6,0.082903226,1.96796
"2013/9/1",9.6,0.203,4.008,0.7,-4.3,1741.385932,0.9,0.1,0.3,0,0.3,0.5,0.3,0.2,0.3,4.726474008,0.3,6.5,3.4,0,0.08,0.76302
"2013/10/1",9.5,0.215,3.767,-1.1,-1.8,2360.438624,1.3,0.2,1,0.1,0.4,0.5,0.2,0.2,-0.4,3.691674706,0.4,6,5.2,0,0.087096774,-6.63697
"2013/11/1",8.9,0.215,3.651,0.2,-5.6,2210.961605,0.4,0.2,0.3,0.2,0.4,0.5,0.6,0.9,0.2,1.455502846,0.6,5.8,15.5,0.7,0.084333333,1.50286
"2013/12/1",8.6,0.22,3.661,-0.7,-4.8,2520.877211,0.4,0.2,0.4,-0.1,0.3,0.4,0.5,0.7,0.1,-2.657223515,0.2,6,15.8,0.5,0.08516129,4.75911
"2014/1/1",8.9,0.215,3.665,0.1,4.4,1600.04315,0.2,0.1,-0.2,-0.5,0.2,0.5,1,1.1,0.4,-3.912694211,-0.1,6.7,18.2,1.2,0.071612903,-0.57207
"2014/2/1",8.8,0.215,3.812,0.7,-0.7,2292.653306,0.8,0.1,0.7,0.1,0.6,0.4,0.5,0.8,0.5,-0.540399516,0.6,6.6,14.9,0.1,0.066428571,-2.92193
"2014/3/1",8.6,0.215,4.046,0.3,-1.9,1752.441276,0.6,0.2,0.4,-0.1,0.3,0.4,0.4,0.7,0.5,4.032984127,0.7,6.7,8.6,0.4,0.078064516,0.92969
"2014/4/1",7.8,0.178,4.263,-0.4,-10.4,3679.219205,0.2,0,-0.3,-0.5,-0.4,0,-0.1,-0.1,0.3,6.29937724,0.4,6.9,-2.1,0.3,0.090333333,-0.11514
"2014/5/1",8,0.215,4.2,0.1,3.5,1560.671381,-0.1,0.2,0.8,-0.1,1,0.7,0,0,0.3,6.754491212,0.4,7.1,2.4,0.2,0.087096774,-3.35447
"2014/6/1",8.3,0.224,4.151,0,2.9,1611.385825,0.2,0.1,-0.1,-0.1,0.3,0.2,0.2,0.2,0.3,6.009895701,0.5,7.1,10.2,0.2,0.095666667,-0.70372
"2014/7/1",9,0.215,4.073,0.8,9.5,2190.824192,0.1,-0.1,-0.7,-0.1,-0.7,0.3,0.4,0.5,0.2,5.019784843,0.3,7.2,16.8,0.1,0.090967742,-0.78078
"2014/8/1",8.7,0.215,3.868,-0.2,-3.3,2211.755649,0.2,0.5,1.4,0,0.3,0.6,0.5,0.8,0.4,3.01565166,0.7,7,17.1,0.2,0.088064516,-0.3632
"2014/9/1",8,0.216,3.757,0.7,-7,1457.465073,0.3,0.3,0.6,0,-0.3,0.3,0.4,0.5,0.3,1.829820492,0.1,7.2,13.1,0.4,0.088333333,1.15431
"2014/10/1",7.8,0.223,3.523,-0.5,-3.2,5297.029461,0.8,0,0.3,-0.1,-0.1,0.3,0.5,0.6,0.4,0.81682119,0.6,7.1,12.4,0.3,0.089032258,-3.03904
"2014/11/1",7.6,0.223,3.187,0.3,-1.9,2425.242384,0.9,0.2,0.8,-0.2,0.7,0.4,0.6,0.8,0.5,1.837436551,0.2,7.3,12.3,0.2,0.092,-0.95391
"2014/12/1",7.2,0.223,2.829,-0.6,-5.7,2196.06962,0.5,0.2,-0.1,0,0.2,0.3,0.5,0.5,0.6,3.322979017,0.1,7.7,8.6,1.2,0.122580645,-3.33959
"2015/1/1",7.8,0.216,2.54,0.3,8.4,3330.205785,0,0.2,2.4,0.3,0.2,0.5,0.4,0.6,0.5,3.488587155,-0.3,8,47.8,0.8,0.11483871,-5.0207
"2015/2/1",7.4,0.216,2.867,0.2,-5.1,2990.641459,0.7,0.3,-0.5,-0.3,0.2,0.5,0.4,0.5,0.3,3.40142414,0.4,8.1,10.1,0.2,0.110714286,1.08992
"2015/3/1",7.1,0.215,3.371,-0.4,-4.6,3032.776886,0.5,0.2,1.1,-0.1,0.1,0.2,0.2,0.2,-0.3,3.406421056,0.4,7.7,11.1,0.4,0.112903226,1.61725
"2015/4/1",6.8,0.217,3.229,0.2,-4.5,2195.173464,0.6,0.2,0.6,0,0.4,0.4,0.3,0.4,0.2,2.045977887,0.3,7.6,17.8,0.2,0.124666667,-2.59947
"2015/5/1",6.9,0.217,3.898,0.3,1.5,2391.320606,0.5,0.1,0.6,0,0.5,0.4,0.5,0.6,0.1,1.425978832,0.5,7.5,13.9,0.5,0.123225806,4.57516
"2015/6/1",6.9,0.206,3.625,-0.9,-0.2,5092.879891,0.4,0.3,0.9,-0.1,0.5,0.3,0.2,0.2,0,1.630544202,0.3,7.4,1.8,-0.2,0.129,3.71094
"2015/7/1",7.2,0.206,4.022,0.3,5,2066.637446,0.2,0.4,1.2,0.2,0.6,0.8,0.3,0.4,0.2,1.854119511,0.5,7.3,-3.6,0.4,0.130322581,1.59448
"2015/8/1",6.7,0.205,3.684,-1,-7.7,2491.552738,0,0.3,1,-0.1,0.2,0.2,0.3,0.3,0.2,0.628061139,0.3,7.3,1.6,0.3,0.138064516,-3.48492
"2015/9/1",6.2,0.205,3.206,0.4,-8.5,3766.656209,0.1,0.3,0.1,-0.2,0.3,0.4,0.1,0.1,0.2,0.116037094,0,7.4,3.3,0,0.136,-0.38412
"2015/10/1",6,0.213,2.956,-0.1,-3.4,1770.852224,0.4,0.4,1.5,-0.1,0.4,0.6,0.3,0.4,0.1,0.231777916,0,7.5,13.5,0.3,0.123548387,-2.41645
"2015/11/1",5.7,0.213,2.85,0.6,-3.9,3924.99189,0.5,0.1,0.7,-0.2,-0.1,0.3,0.1,0.1,-0.1,0.711647676,0.3,7.3,2.3,0.3,0.117666667,3.85933
"2015/12/1",5.5,0.209,2.842,-0.7,-3.8,2089.872799,0.8,0.1,0.5,-0.1,0,0.6,0.2,0.3,0.4,2.282026715,0.3,7.4,-0.6,1.2,0.240645161,0.54534
"2016/1/1",5.8,0.213,2.909,0.4,5.1,2425.350024,0.9,0.3,0.7,0,0,0.5,0.4,0.2,0.3,3.433359373,0.2,7.7,-37.8,-0.8,0.342903226,-2.30827
"2016/2/1",5.5,0.213,2.502,0.8,-4.2,2800.190391,0.9,0.2,0.1,-0.1,0.2,0.2,-0.1,-0.2,0.1,2.317391226,0.6,7.2,-6.1,0.4,0.375172414,-5.48741
"2016/3/1",5.3,0.213,2.732,0.1,-3.5,2234.600766,-0.4,0,-0.5,-0.3,0,0,0.2,0.2,-0.1,0.940517919,-0.2,7.6,3.5,0,0.362258065,0.92896
"2016/4/1",5,0.211,2.83,0,-5.1,2759.268646,0.1,0.8,1.4,0.2,0.5,0.7,0.3,0.3,-0.2,0.663746629,0.6,7.2,10.7,0.7,0.365333333,-2.40931
"2016/5/1",4.8,0.211,2.797,-0.3,-4.3,3270.432176,0.1,0,0,-0.2,-0.1,0.1,0,0,-0.1,1.052499608,0.3,6.9,6.2,0.1,0.36516129,-0.1387
"2016/6/1",5.4,0.21,2.87,0.1,13.2,2732.627111,0.3,-0.4,-0.4,-0.5,-0.4,0,0.3,0.4,0,2.571614064,0.6,6.6,10.9,-0.1,0.377666667,-0.88889
"2016/7/1",5.8,0.21,2.835,1,8.6,2358.692044,0.4,0.5,0.7,-0.1,0.9,0.7,0.5,0.5,0.3,3.014569633,0.1,6.8,13.5,0.5,0.391612903,-3.58744
"2016/8/1",5.7,0.21,2.634,-0.5,-2.4,3462.892698,0.5,0.1,0,-0.2,0.1,0.3,0,0,0,2.271408975,0.2,6.8,4.1,0.3,0.396774194,-0.14535
"2016/9/1",5.5,0.21,2.729,1.1,-2.9,2480.610501,0.4,0.1,0.6,0,0.3,0.5,0.5,0.6,0.1,1.791469335,0.4,6.8,9.3,0.2,0.396333333,0.7278
"2016/10/1",5.3,0.222,2.773,-0.6,-4.3,2785.919032,-0.1,0.1,0.1,-0.3,-0.5,0.2,0.4,0.6,0.1,1.939447358,0.2,6.9,5.5,1,0.396451613,0.28902
"2016/11/1",4.9,0.19,2.772,0.3,-6.8,2309.387088,0.3,0.1,0,0,0.4,0.2,0.2,0.3,0.2,2.037260188,0.2,7,5.9,-0.7,0.406666667,8.64553
"2016/12/1",4.9,0.19,2.68,-0.6,-1.9,2747.451162,0.3,0,0.5,-0.1,-0.1,0.2,0.4,0.5,0.1,2.102341487,0.9,6.5,11.7,0.2,0.54,11.35279
"2017/1/1",5.3,0.184,2.802,0.7,9.8,1863.384125,0.5,-0.2,-2,0.2,0.3,-0.3,1,0.6,0.4,1.910936302,0.4,6.9,-1.9,0.8,0.649677419,-1.1434
"2017/2/1",5.1,0.184,2.925,0.9,-3.8,1733.805915,-0.1,0.2,1.1,-0.6,0,-0.1,0.4,0.4,0.3,1.549437335,0.2,7.2,7.7,0.2,0.656785714,0.42169
"2017/3/1",4.7,0.184,3.011,0.2,-7,2896.946057,0.5,0.1,1.7,-0.2,0.4,0.8,0.1,0.1,0.4,1.863216305,0.4,7.2,-2.7,0.6,0.786129032,0.68386
"2017/4/1",4.5,0.186,3.003,-0.2,-4.7,3072.224932,0.4,0.2,0.7,-0.2,0.6,0.3,0.5,0.6,0.1,2.442928575,0.3,7.2,-3.2,-0.2,0.896,-3.59867
"2017/5/1",4.4,0.186,2.997,-0.2,-1.4,2331.954557,0.7,0.3,0.5,-0.1,0.3,0.4,0.3,0.3,0.6,2.266176643,0,7.8,1,0.3,0.907419355,-0.86527
"2017/6/1",4.8,0.178,2.947,-0.2,9,2894.581354,0.1,0.1,0.9,-0.1,0.3,0.3,0.4,0.5,-0.1,2.962560161,0.4,7.5,11.7,0.4,1.04,-2.64339
"2017/7/1",5.4,0.178,2.869,1,12.8,2182.954109,1.2,0.2,0.3,-0.2,0.3,0.1,0.4,0.5,0.2,2.612977072,0.2,7.6,18.8,0.2,1.150645161,1.62654
"2017/8/1",5.4,0.178,2.955,-0.7,-1.8,3513.920064,0.3,0.1,0.3,-0.1,0,0.4,0.3,0.4,0.1,3.016363847,0.3,7.6,19.5,0.2,1.157096774,-2.20542
"2017/9/1",4.8,0.178,3.118,1.2,-9.7,3040.806074,0.6,0.3,0.5,-0.2,0.4,0.1,0.6,0.7,0,3.729032199,0.9,7.3,27.1,0.3,1.153333333,-1.93299
"2017/10/1",4.5,0.187,3.017,-0.9,-5.9,2992.45308,0.2,0.2,0.2,-0.1,0,0.2,0.5,0.6,0.2,4.335858498,0.2,7.4,27,0.8,1.153870968,2.36531
"2017/11/1",4.4,0.186,3.193,0.4,-2,2370.13169,1,0,0.3,-0.1,0.1,0.2,0.6,0.7,0.1,3.679037576,0.8,7,23.4,-0.6,1.157,0.6932
"2017/12/1",4.4,0.187,3.078,-0.9,-2,2174.033151,0.7,0.2,0.9,-0.1,0.3,0.2,0.3,0.4,0.2,2.864238087,0.8,6.6,12.9,0.3,1.301612903,0.71392
"2018/1/1",4.9,0.181,3.26,0.3,12.4,2593.071469,0.8,0.2,0.4,-0.3,0.5,0.3,1,0.5,0.7,2.475299672,0.1,7.4,-59.9,2.4,1.414516129,2.08861
"2018/2/1",4.7,0.181,3.402,0.9,-3,2281.539081,1.2,0.1,0.8,-0.1,0.1,0.1,0,0,0.2,3.504018599,0.3,7.6,-6.1,-0.1,1.4175,7.37756
"2018/3/1",4.5,0.181,3.469,0,-5.3,2478.292665,0.2,0.1,-0.4,0,0.3,0,0.2,0.2,0.3,3.521543501,0.5,7.6,-11.4,0.7,1.506129032,2.63279
"2018/4/1",4.3,0.18,3.594,-0.5,-4.8,2545.745487,0.5,0,0.5,-0.2,0,0.1,0.3,0.4,0.2,3.826264492,0.6,7.4,-17.1,0,1.692333333,0.5288
"2018/5/1",4.1,0.18,3.729,-0.2,-3.4,2845.96906,0.1,-0.1,0.3,-0.1,0,0,0.2,0.3,0.3,2.654910376,0.5,7.5,-5,0.4,1.7,2.65249
"2018/6/1",4.8,0.178,3.684,-0.1,15.9,5775.882233,0.2,0.3,0.3,-0.1,0.3,0,0.4,0.5,0.2,2.552396361,0.3,7.6,11,0.3,1.819666667,-0.34889
"2018/7/1",5.1,0.182,3.633,0.7,8.1,2132.98547,-0.1,0.1,-0.1,0.1,-0.1,0.3,0.5,0.6,0.3,1.558792974,0.4,7.6,25.5,0.3,1.91,-0.92998
"2018/8/1",5.1,0.182,3.61,-1.4,-3.2,1951.298969,0,0.3,0.9,-0.1,0.3,0.1,0.5,0.6,0.2,1.89347852,0.4,7.6,15.5,0.5,1.91483871,0.49696
"2018/9/1",4.6,0.17,3.676,1.1,-8.7,2072.222743,-0.2,0,0.3,0,0,0.2,0.1,0.1,-0.1,1.086544162,0.1,7.6,0,-0.3,1.954666667,1.7033
"2018/10/1",4.5,0.184,3.844,-0.1,-1.1,2125.854886,0.2,0.3,0,-0.1,0.7,0.2,0,0,0.1,0.249617689,0.6,7.4,-11.4,1.1,2.187741935,4.37601
"2018/11/1",4.3,0.184,3.64,0.5,-4.1,2397.772683,0,0,-0.2,-0.1,0.1,0.2,0.2,0.2,0.1,0.644708163,0.5,7.2,-2,-0.5,2.197666667,0.74534
"2018/12/1",4.4,0.184,3.41,-0.6,2.2,2071.396044,0.2,0.2,0.1,-0.1,0.1,0.6,0.6,0.8,1.1,1.922781398,-1,9,11.8,0.2,2.274193548,-4.69585
"2019/1/1",5,0.183,3.277,0.4,13,3185.733215,-0.1,-0.1,-0.5,0.2,0.2,-0.2,1.2,1.2,-0.1,2.534666249,0.4,8.7,50.5,3.3,2.4,-3.74124
"2019/2/1",4.5,0.183,3.315,0.2,-10.5,1582.525984,0,0.2,-1.1,0,0.3,0.2,0.5,0.7,0.2,2.8844744,0.1,8.8,21.5,0.3,2.4,-2.10573
"2019/3/1",4.4,0.185,3.47,-0.1,-0.4,1974.582102,0.2,0,1.1,0,0.3,0.2,0.6,0.7,-0.1,3.590465722,0.9,8.2,28.7,0.4,2.40516129,-2.40275
"2019/4/1",4,0.186,3.987,-0.9,-9.8,1909.788891,0.1,0,0.1,-0.1,-0.6,0.1,-0.1,-0.2,-0.4,3.073357827,0.6,7.7,21.7,0.1,2.423666667,-2.87222
"2019/5/1",4,0.186,4.012,0.6,0.5,2331.274142,0.5,0,0.5,-0.2,0.1,0.3,-0.1,-0.2,-0.1,3.15080143,0.3,7.4,8.2,0.3,2.390967742,-1.70187
"2019/6/1",4.5,0.189,3.741,-0.4,10,2227.806671,-0.6,0.2,0.7,0.1,0.4,0.2,0.2,0.2,0,2.839354066,0.4,7.2,0,0.3,2.377666667,-6.61837
"2019/7/1",5,0.191,3.689,1.1,12.5,2752.732954,-0.3,0,0.6,-0.1,0,-0.1,0,-0.1,0.1,3.030779892,0.4,7,-17.5,0.2,2.402903226,-0.98619
"2019/8/1",4.8,0.187,3.563,-0.8,-3.9,1748.491136,0,0.1,-0.1,-0.1,0,-0.2,0.5,0.5,0.4,2.829415261,0.3,7.2,-2.8,0.3,2.125806452,-3.9575
"2019/9/1",4.3,0.188,3.769,1.5,-9.3,3946.85375,0.6,0.1,0,-0.1,-0.2,0.6,0.2,0.1,0.2,1.027240663,0.2,7.3,-2.8,0.2,2.043,-0.3042
"2019/10/1",4.3,0.19,4.144,-0.3,0.3,2696.243742,0.6,0,-0.6,-0.5,0.9,0.5,0.6,0.7,0,0.070631048,0.3,7.4,11.4,0.8,1.829677419,2.30236
"2019/11/1",4.1,0.19,3.959,1.1,-4.4,2290.936664,0.4,0.3,0.7,0.2,0.3,0.3,0.6,0.7,0.4,2.751196027,0.4,7.5,11.4,-0.1,1.553333333,0.1898
"2019/12/1",4,0.19,3.641,-0.7,-2.4,2939.006197,0,-0.1,-0.9,0,0.2,0.1,0.3,0.2,-0.3,6.239118907,0.1,7.3,5.6,-0.6,1.550967742,0.67659
"2020/1/1",4.5,0.193,3.553,0.9,13.8,2739.571988,0.4,0.6,2,-0.2,0.3,0.2,1.9,1.5,0.9,3.939539608,0.6,7.8,20.5,2.5,1.550645161,-2.58065
"2020/2/1",4.3,0.193,3.535,0.3,-4.4,2596.49748,0.4,0.2,-0.3,-0.1,0.1,0.1,0.9,1.1,0.6,-13.57398966,0.1,8.3,20.3,0.2,1.583103448,-4.38742
"2020/3/1",6.7,0.193,3.274,-4.6,47.8,2250.927747,0.1,-1.4,-2.7,-0.5,-1,-3.9,-2.4,-3.6,-1.5,-47.13422136,-6.9,13.1,-69.6,0.5,0.652258065,-0.4329
"2020/4/1",17.5,0.191,2.877,-4.3,151.2,2016.917732,0.3,-15.6,-12.1,-11.5,-12.3,-43.4,-5.6,-8.4,15.7,-71.17777887,-12.6,33.8,-149.6,0.2,0.049,-4.17391
"2020/5/1",19.2,0.199,2.802,-2.2,7.2,1174.257163,-0.1,0.6,8.6,2.4,0.5,-1.9,2.8,3.9,-4.9,-21.69434627,8.6,24.8,49.3,0.1,0.05,-2.22323
"2020/6/1",17.8,0.198,2.967,4.9,-3,1789.76932,0.6,3.3,2.1,2,-0.4,16,1.9,2.7,-1.7,27.7249951,6.4,19.3,41.2,-0.2,0.077666667,-2.16551
"2020/7/1",18.4,0.2,3.089,2.2,5.8,2382.285775,1.2,0.6,-1.2,-0.4,0.3,-1.4,0.8,1.1,0.6,48.48302767,1.7,18.7,19.7,0.4,0.092580645,-4.63241
"2020/8/1",16.6,0.2,3.156,-0.7,-10.4,2024.371998,1.9,0.2,0.6,0.1,0.7,-0.3,0.8,1.1,-3.7,36.15910839,1,15,21.7,0.3,0.09516129,-2.68568
"2020/9/1",11.9,0.199,3.18,-2.9,-30.1,2062.204498,1.4,0.9,0.1,0.1,0.6,4.2,0.5,1,0.6,10.4290296,1.5,14.3,14.2,0,0.09,-1.53322
"2020/10/1",10.8,0.208,3.138,0.7,-8.6,1894.595672,1,1.9,1.3,0.3,3.2,5.2,1.4,2.4,-0.5,-4.3109154,0.4,13.6,31.4,0.9,0.09,-1.93772
"2020/11/1",10.7,0.208,3.095,0.6,-0.9,2310.38826,1.1,0.5,0,-0.1,0.4,3.3,0.9,1.4,-1.3,-4.261789424,-0.5,13,29.5,-0.3,0.086333333,-2.43472
"2020/12/1",11,0.208,3.12,-0.7,2.8,2897.379519,1.3,-0.9,-0.2,-0.1,0.5,-8.9,0.7,0.9,0.2,4.366057402,-0.5,14,30.6,0.2,0.09,-2.92948
"2021/1/1",11.2,0.207,3.278,0.3,1.5,3008.250373,1.3,-0.8,0.5,-0.6,-0.2,-8.2,1.5,0,10.4,9.030947108,3.3,19.9,94.2,1.4,0.08516129,1.90015
"2021/2/1",10.7,0.219,3.506,1.5,-2.9,2452.308712,1.2,1.6,0.1,0.3,0.4,12.1,-0.4,-0.4,-8.5,6.908701631,-1.1,13.5,24.3,0.2,0.075714286,2.74223
"2021/3/1",10.4,0.219,3.784,0.1,-2.4,3555.657733,1.6,0.8,0.2,0.5,0.5,4.4,0.6,0.8,23,9.424512427,5.2,26.6,35.1,0.3,0.069677419,9.69751
"2021/4/1",10.3,0.22,3.9,0.1,-1.3,2502.712184,1.5,1.5,0.5,0.2,0.9,8.3,1.3,1.8,-15.5,6.923190449,1,12.6,51,-0.1,0.069,-0.72993
"2021/5/1",9.5,0.22,4.055,0,-7.3,2233.323396,2.2,0.6,-0.1,0.1,0.1,3.9,1,1.3,-3,5.069614639,0,10.4,39.5,0,0.058064516,-3.18627
"2021/6/1",10,0.218,4.295,-0.1,4.9,2415.744963,1.8,0.2,-0.3,0,-0.1,3.8,0.9,1.1,-0.4,1.910655331,1.1,9.5,34.6,0.5,0.078,0.42194
"2021/7/1",9.6,0.221,4.384,1.1,-3,2727.585384,1.7,2,0.2,0.4,1.4,5.1,1,1.2,0.8,0.609342496,0.1,10.5,40.8,0,0.098064516,-3.59664
"2021/8/1",8.9,0.221,4.429,-1.1,-7.6,2784.643916,0.9,0.6,-0.4,-0.1,0.5,1.6,0.4,0.6,-0.1,1.583791815,1.1,9.8,29.2,0.5,0.092258065,-0.88912
"2021/9/1",7.6,0.222,4.44,0.4,-14.4,2452.724828,1.2,-0.5,-0.2,-0.2,-0.7,1.2,0.8,1,-1.6,6.612293652,0.6,8.1,36.4,-0.1,0.079333333,2.02287
"2021/10/1",7.1,0.239,4.524,-0.3,-7.1,2734.040405,1.5,0.1,0,0.3,-0.4,0.2,0.9,1.2,-0.2,10.75093658,1.4,7.3,36.3,1,0.079032258,5.77586
"2021/11/1",6.2,0.24,4.694,0.5,-12.6,2313.893104,1.7,0.4,0.1,0.2,0,1.1,0.6,0.8,-0.2,7.067530389,0.5,7.3,33.1,-0.3,0.079666667,0
"2021/12/1",5.6,0.24,4.72,-0.9,-10.2,1958.71223,1.2,0.6,1.5,0,0.5,1,0.6,0.8,-0.3,-1.19058396,-0.9,8.4,34.2,-0.1,0.079677419,0.9943
"2022/1/1",6.1,0.248,4.708,1.2,10.8,1754.289925,1.7,0.3,-0.8,0.7,0.1,0.4,1,0.5,-0.3,-5.780141056,2,6.7,-9.7,6.3,0.079354839,11.20077
"2022/2/1",5.4,0.248,4.809,0.8,-11.7,2975.664809,3.8,0.8,1.5,0.4,-1.3,1.2,0.9,1.2,0.1,-2.299918427,0.6,6.8,32.1,0.2,0.08,9.21626
